S1,2024CS01,Rahul,rahul@example.com
S2,2024CS02,Ananya,ananya@example.com
S3,2024CS03,Amit,amit@example.com
S4,2024CS05,Karan,karan@example.com
S5,2024CS04,Neha,neha@example.com
S6,2024CS06,Pooja,pooja@example.com
S7,2024CS07,Arjun,arjun@example.com
S8,2024CS08,Meera,meera@example.com
S9,2024CS09,Ravi,ravi@example.com
S10,2024CS10,Isha,isha@example.com
